{"od": [1.45, 2.2680000000000002, 1.05, 1.6500000000000001, 2.422854, 2.3447039999999997, 1.27, 2.173, 1.27, 2.9057622299999992, 1.12, 3.8221920000000003, 2.24028, 1.34, 1.911, 1.44], "pd": [0.75, 0.6786, 0.98, 0.653366, 0.5065139999999999, 0.6256, 0.88, 0.8118, 0.95, 0.42716825999999997, 0.96, 0.49076999999999993, 0.6844800000000001, 0.84, 0.6278, 0.8644999999999999], "fk": [0.09722222222222213, 0.2125649842271293, 0.28999999999999887, 0.06004146153846154, 0.07984286193664274, 0.17358720670125175, 0.21777777777777763, 0.3256783461210571, 0.3824074074074072, 0.06329472584909492, 0.3133333333333337, 0.15516612049073905, 0.2150429154707002, 0.18470588235294103, 0.10961899012074652, 0.27827272727272706], "b100det": 1165702.1791225784, "bkdet": 860.6327163859236, "A": {"med": 0.0, "mean": 5216.517251573539, "p_prof": 0.4475, "p_ruina": 99.5525, "p10": 0.0, "p90": 0.0, "pmax": 1165702.1791225786}, "B": {"med": 218.94529980337728, "mean": 254.74428872837427, "p_prof": 88.153, "p_ruina": 0.0, "p10": 93.005198933432, "p90": 461.71412113292024, "pmax": 860.6327163859238}, "dates": ["11/06", "13/06", "14/06", "15/06", "16/06", "17/06", "18/06", "19/06", "20/06", "21/06", "22/06", "23/06", "24/06", "25/06", "26/06", "27/06"]}