{"res": {"half": {"med": 278.2635076734668, "mean": 307.08739214212756, "p_prof": 93.4015, "p_ruina": 0.0005, "p10": 118.06437962366262, "p90": 542.2467098823048}, "twothirds": {"med": 355.47298973721837, "mean": 437.5470701538895, "p_prof": 91.135, "p_ruina": 0.0415, "p10": 107.29135843053963, "p90": 897.1934785755999}, "full": {"med": 474.0203463390423, "mean": 866.1616988972506, "p_prof": 83.65899999999999, "p_ruina": 1.3379999999999999, "p10": 58.999679261771696, "p90": 2265.3118591206016}}, "nbet": 33, "fmax": 0.8233333333333345}