{"res": {"half": {"med": 218.94529980337728, "mean": 254.74428872837427, "p_prof": 88.153, "p_ruina": 0.0, "p10": 93.005198933432, "p90": 461.71412113292024}, "twothirds": {"med": 260.08885719648333, "mean": 340.34683781044924, "p_prof": 85.5905, "p_ruina": 0.029, "p10": 80.81701538307986, "p90": 706.2061347742082}, "full": {"med": 313.77806512154353, "mean": 591.1288212174054, "p_prof": 78.60249999999999, "p_ruina": 1.131, "p10": 47.83701364487197, "p90": 1420.453402325759}}, "ndays": 16, "fmax": 0.7648148148148144}